easy,medium,hard
a book,friendship,identity
a table,self improvement,meaning
a curtain,active listening,culture
a pet,posture,freedom
a phone,time management,justice
a turkey,leadership,ambiguity
a bagel,an engine,empathy
graffiti,responsibility,consciousness
a sewer,carpentry,resilience
drowning,marriage,autonomy
a plane,teamwork,morality
advertising,conflict resolution,intuition
a mountain,criticism,complexity
a football,motivation,authenticity
a microscope,self-discipline,vulnerability
a library,mindfulness,self-worth
a marathon,honesty,perspective
a backpack,goal setting,
a pencil,patience,the placebo effect
an alarm clock,encouragement,desperation
a playground,change,democracy
a mirror,problem solving,uncertainty
a sandwich,communication,beauty
a chair,organization,resilience
a car key,fairness,autonomy
a wallet,personal growth,trauma
a lamp,decision making,context
a coat,a birdhouse,an assumption
a refrigerator,perseverance,innovation
an envelope,compromise,love
a traffic light,growth mindset,emotional intelligence
a mailbox,a shopping cart,bias
a sidewalk,a regulation,artificial intelligence
a playground slide,a monocle,symbolism
monkey bars,brainstorming,embarrassment
candy,a puzzle,a concept
a shoelace,a window,attention
a wristwatch,self-confidence,logic
a bicycle,stress,chaos
a campfire,critical thinking,nuance
a doorknob,self-reflection,servanthood
a freezer pack,collaboration,significance
a vase,burnout,serendipity
a blanket,biology,a paradox
a bed,anxiety,justice
a pillow,a quarry,discomfort
a picture frame,an argument,reality
a mug,a picture,awareness
a calculator,responsibility,courage
a notebook,pollution,success
a stapler,gratefulness,belief systems
a fire hydrant,a routine,a QR code
a tree,motivation,philosophy
a kite,a muscle,a tendency toward something
a paper clip,surgery,energy
a zipper,personal boundaries,impact
a brick,social awareness,a percentage
a ticket stub,mistletoe,philosophy
a freezer,philanthropy,how breathing works
an air conditioner,feedback,boredom
a paintbrush,wreckage,poise
a broom,a car accident,structure
a garbage can,kindness,information
soap,expression,luck
a toothbrush,hydration,wisdom
cereal,trespassing,nostalgia
a toaster,persistence,passion
a doormat,a knight,a system
a rake,prophecy,ambition
a light switch,imposter syndrome,insight
a bus stop,trust,a power dynamic
a grocery bag,curiosity,rhythm
a coin,focus,relevance
a spoon,self-care,a society
a towel,adventure,an angle
a hose,pressure,determinism
a frying pan,optimism,decentralization
a spatula,restraint,fear
a raincoat,resourcefulness,rationalization
a backpack pocket,interpersonal skills,a pattern
a traffic cone,a lighthouse,a threshold
a life jacket,an idea,simplicity
a broom,confidence,creativity
a train ticket,a distraction,the horizon
a hospital,self-awareness,a rock
a tornado,a signal flare,endearment
a lunch tray,stained glass,self-awareness
medicine,crypto,coherence
a bookshelf,following directions,adaptability
a candle,encouragent,reflection
a bandage,a coping skill,trustworthiness
a coat hanger,GPS,ethics
a balloon,electricity,excitement
comedy,the environment,a magnet
a conference,furniture,a smoke detector
a postcard,imagination,humility
snow,a hammock,intentionality